file_names,doc_title,url
VOL_0001_ISSUE_0001.pdf,"Notre Dame Alumnus Vol. 01, No. 01 -- January 1923",http://www.archives.nd.edu/Alumnus/VOL_0001/VOL_0001_ISSUE_0001.pdf
VOL_0001_ISSUE_0002.pdf,"Notre Dame Alumnus Vol. 01, No. 02 -- March 1923",http://www.archives.nd.edu/Alumnus/VOL_0001/VOL_0001_ISSUE_0002.pdf
VOL_0001_ISSUE_0003.pdf,"Notre Dame Alumnus Vol. 01, No. 03 -- May 1923",http://www.archives.nd.edu/Alumnus/VOL_0001/VOL_0001_ISSUE_0003.pdf
VOL_0001_ISSUE_0004.pdf,"Notre Dame Alumnus Vol. 01, No. 04 -- July 1923",http://www.archives.nd.edu/Alumnus/VOL_0001/VOL_0001_ISSUE_0004.pdf
VOL_0002_ISSUE_0001.pdf,"Notre Dame Alumnus Vol. 02, No. 01 -- October 1923",http://www.archives.nd.edu/Alumnus/VOL_0002/VOL_0002_ISSUE_0001.pdf
VOL_0002_ISSUE_0002.pdf,"Notre Dame Alumnus Vol. 02, No. 02 -- November 1923",http://www.archives.nd.edu/Alumnus/VOL_0002/VOL_0002_ISSUE_0002.pdf
VOL_0002_ISSUE_0003.pdf,"Notre Dame Alumnus Vol. 02, No. 03 -- December 1923",http://www.archives.nd.edu/Alumnus/VOL_0002/VOL_0002_ISSUE_0003.pdf
VOL_0002_ISSUE_0004.pdf,"Notre Dame Alumnus Vol. 02, No. 04 -- January 1924",http://www.archives.nd.edu/Alumnus/VOL_0002/VOL_0002_ISSUE_0004.pdf
VOL_0002_ISSUE_0005.pdf,"Notre Dame Alumnus Vol. 02, No. 05 -- February 1924",http://www.archives.nd.edu/Alumnus/VOL_0002/VOL_0002_ISSUE_0005.pdf
VOL_0002_ISSUE_0006.pdf,"Notre Dame Alumnus Vol. 02, No. 06 -- March 1924",http://www.archives.nd.edu/Alumnus/VOL_0002/VOL_0002_ISSUE_0006.pdf
VOL_0002_ISSUE_0007.pdf,"Notre Dame Alumnus Vol. 02, No. 07 -- April 1924",http://www.archives.nd.edu/Alumnus/VOL_0002/VOL_0002_ISSUE_0007.pdf
VOL_0002_ISSUE_0008.pdf,"Notre Dame Alumnus Vol. 02, No. 08 -- May 1924",http://www.archives.nd.edu/Alumnus/VOL_0002/VOL_0002_ISSUE_0008.pdf
VOL_0002_ISSUE_0009.pdf,"Notre Dame Alumnus Vol. 02, No. 09 -- June 1924",http://www.archives.nd.edu/Alumnus/VOL_0002/VOL_0002_ISSUE_0009.pdf
VOL_0003_ISSUE_0001.pdf,"Notre Dame Alumnus Vol. 03, No. 01 -- October 1924",http://www.archives.nd.edu/Alumnus/VOL_0003/VOL_0003_ISSUE_0001.pdf
VOL_0003_ISSUE_0002.pdf,"Notre Dame Alumnus Vol. 03, No. 02 -- November 1924",http://www.archives.nd.edu/Alumnus/VOL_0003/VOL_0003_ISSUE_0002.pdf
VOL_0003_ISSUE_0003.pdf,"Notre Dame Alumnus Vol. 03, No. 03 -- December 1924",http://www.archives.nd.edu/Alumnus/VOL_0003/VOL_0003_ISSUE_0003.pdf
VOL_0003_ISSUE_0004.pdf,"Notre Dame Alumnus Vol. 03, No. 04 -- January 1925",http://www.archives.nd.edu/Alumnus/VOL_0003/VOL_0003_ISSUE_0004.pdf
VOL_0003_ISSUE_0005.pdf,"Notre Dame Alumnus Vol. 03, No. 05 -- February 1925",http://www.archives.nd.edu/Alumnus/VOL_0003/VOL_0003_ISSUE_0005.pdf
VOL_0003_ISSUE_0006.pdf,"Notre Dame Alumnus Vol. 03, No. 06 -- March 1925",http://www.archives.nd.edu/Alumnus/VOL_0003/VOL_0003_ISSUE_0006.pdf
VOL_0003_ISSUE_0007.pdf,"Notre Dame Alumnus Vol. 03, No. 07 -- April 1925",http://www.archives.nd.edu/Alumnus/VOL_0003/VOL_0003_ISSUE_0007.pdf
VOL_0003_ISSUE_0008.pdf,"Notre Dame Alumnus Vol. 03, No. 08 -- May 1925",http://www.archives.nd.edu/Alumnus/VOL_0003/VOL_0003_ISSUE_0008.pdf
VOL_0003_ISSUE_0009.pdf,"Notre Dame Alumnus Vol. 03, No. 09 -- June 1925",http://www.archives.nd.edu/Alumnus/VOL_0003/VOL_0003_ISSUE_0009.pdf
VOL_0004_ISSUE_0001.pdf,"Notre Dame Alumnus Vol. 04, No. 01 -- October 1925",http://www.archives.nd.edu/Alumnus/VOL_0004/VOL_0004_ISSUE_0001.pdf
VOL_0004_ISSUE_0002.pdf,"Notre Dame Alumnus Vol. 04, No. 02 -- November 1925",http://www.archives.nd.edu/Alumnus/VOL_0004/VOL_0004_ISSUE_0002.pdf
VOL_0004_ISSUE_0003.pdf,"Notre Dame Alumnus Vol. 04, No. 03 -- December 1925",http://www.archives.nd.edu/Alumnus/VOL_0004/VOL_0004_ISSUE_0003.pdf
VOL_0004_ISSUE_0004.pdf,"Notre Dame Alumnus Vol. 04, No. 04 -- January 1926",http://www.archives.nd.edu/Alumnus/VOL_0004/VOL_0004_ISSUE_0004.pdf
VOL_0004_ISSUE_0005.pdf,"Notre Dame Alumnus Vol. 04, No. 05 -- February 1926",http://www.archives.nd.edu/Alumnus/VOL_0004/VOL_0004_ISSUE_0005.pdf
VOL_0004_ISSUE_0006.pdf,"Notre Dame Alumnus Vol. 04, No. 06 -- March 1926",http://www.archives.nd.edu/Alumnus/VOL_0004/VOL_0004_ISSUE_0006.pdf
VOL_0004_ISSUE_0007.pdf,"Notre Dame Alumnus Vol. 04, No. 07 -- April 1926",http://www.archives.nd.edu/Alumnus/VOL_0004/VOL_0004_ISSUE_0007.pdf
VOL_0004_ISSUE_0008.pdf,"Notre Dame Alumnus Vol. 04, No. 08 -- May 1926",http://www.archives.nd.edu/Alumnus/VOL_0004/VOL_0004_ISSUE_0008.pdf
VOL_0004_ISSUE_0009.pdf,"Notre Dame Alumnus Vol. 04, No. 09 -- May 1926",http://www.archives.nd.edu/Alumnus/VOL_0004/VOL_0004_ISSUE_0009.pdf
VOL_0005_ISSUE_0001.pdf,"Notre Dame Alumnus Vol. 05, No. 01 -- September 1926",http://www.archives.nd.edu/Alumnus/VOL_0005/VOL_0005_ISSUE_0001.pdf
VOL_0005_ISSUE_0002.pdf,"Notre Dame Alumnus Vol. 05, No. 02 -- October 1926",http://www.archives.nd.edu/Alumnus/VOL_0005/VOL_0005_ISSUE_0002.pdf
VOL_0005_ISSUE_0003.pdf,"Notre Dame Alumnus Vol. 05, No. 03 -- November 1926",http://www.archives.nd.edu/Alumnus/VOL_0005/VOL_0005_ISSUE_0003.pdf
VOL_0005_ISSUE_0004.pdf,"Notre Dame Alumnus Vol. 05, No. 04 -- December 1926",http://www.archives.nd.edu/Alumnus/VOL_0005/VOL_0005_ISSUE_0004.pdf
VOL_0005_ISSUE_0005.pdf,"Notre Dame Alumnus Vol. 05, No. 05 -- January 1927",http://www.archives.nd.edu/Alumnus/VOL_0005/VOL_0005_ISSUE_0005.pdf
VOL_0005_ISSUE_0006.pdf,"Notre Dame Alumnus Vol. 05, No. 06 -- February 1927",http://www.archives.nd.edu/Alumnus/VOL_0005/VOL_0005_ISSUE_0006.pdf
VOL_0005_ISSUE_0007.pdf,"Notre Dame Alumnus Vol. 05, No. 07 -- March 1927",http://www.archives.nd.edu/Alumnus/VOL_0005/VOL_0005_ISSUE_0007.pdf
VOL_0005_ISSUE_0008.pdf,"Notre Dame Alumnus Vol. 05, No. 08 -- April 1927",http://www.archives.nd.edu/Alumnus/VOL_0005/VOL_0005_ISSUE_0008.pdf
VOL_0005_ISSUE_0009.pdf,"Notre Dame Alumnus Vol. 05, No. 09 -- May 1927",http://www.archives.nd.edu/Alumnus/VOL_0005/VOL_0005_ISSUE_0009.pdf
VOL_0005_ISSUE_0009-2.pdf,"Notre Dame Alumnus Vol. 05, No. 09 -- May 1927",http://www.archives.nd.edu/Alumnus/VOL_0005/VOL_0005_ISSUE_0009-2.pdf
VOL_0005_ISSUE_0010.pdf,"Notre Dame Alumnus Vol. 05, No. 10 -- June 1927",http://www.archives.nd.edu/Alumnus/VOL_0005/VOL_0005_ISSUE_0010.pdf
VOL_0006_ISSUE_0001.pdf,"Notre Dame Alumnus Vol. 06, No. 01 -- September 1927",http://www.archives.nd.edu/Alumnus/VOL_0006/VOL_0006_ISSUE_0001.pdf
VOL_0006_ISSUE_0002.pdf,"Notre Dame Alumnus Vol. 06, No. 02 -- October 1927",http://www.archives.nd.edu/Alumnus/VOL_0006/VOL_0006_ISSUE_0002.pdf
VOL_0006_ISSUE_0003.pdf,"Notre Dame Alumnus Vol. 06, No. 03 -- November 1927",http://www.archives.nd.edu/Alumnus/VOL_0006/VOL_0006_ISSUE_0003.pdf
VOL_0006_ISSUE_0004.pdf,"Notre Dame Alumnus Vol. 06, No. 04 -- December 1927",http://www.archives.nd.edu/Alumnus/VOL_0006/VOL_0006_ISSUE_0004.pdf
VOL_0006_ISSUE_0005.pdf,"Notre Dame Alumnus Vol. 06, No. 05 -- January 1928",http://www.archives.nd.edu/Alumnus/VOL_0006/VOL_0006_ISSUE_0005.pdf
VOL_0006_ISSUE_0006.pdf,"Notre Dame Alumnus Vol. 06, No. 06 -- February 1928",http://www.archives.nd.edu/Alumnus/VOL_0006/VOL_0006_ISSUE_0006.pdf
VOL_0006_ISSUE_0007.pdf,"Notre Dame Alumnus Vol. 06, No. 07 -- March 1928",http://www.archives.nd.edu/Alumnus/VOL_0006/VOL_0006_ISSUE_0007.pdf
VOL_0006_ISSUE_0008.pdf,"Notre Dame Alumnus Vol. 06, No. 08 -- April 1928",http://www.archives.nd.edu/Alumnus/VOL_0006/VOL_0006_ISSUE_0008.pdf
VOL_0006_ISSUE_0009.pdf,"Notre Dame Alumnus Vol. 06, No. 09 -- May 1928",http://www.archives.nd.edu/Alumnus/VOL_0006/VOL_0006_ISSUE_0009.pdf
VOL_0006_ISSUE_0010.pdf,"Notre Dame Alumnus Vol. 06, No. 10 -- June 1928",http://www.archives.nd.edu/Alumnus/VOL_0006/VOL_0006_ISSUE_0010.pdf
VOL_0007_ISSUE_0001.pdf,"Notre Dame Alumnus Vol. 07, No. 01 -- September 1928",http://www.archives.nd.edu/Alumnus/VOL_0007/VOL_0007_ISSUE_0001.pdf
VOL_0007_ISSUE_0002.pdf,"Notre Dame Alumnus Vol. 07, No. 02 -- October 1928",http://www.archives.nd.edu/Alumnus/VOL_0007/VOL_0007_ISSUE_0002.pdf
VOL_0007_ISSUE_0003.pdf,"Notre Dame Alumnus Vol. 07, No. 03 -- November 1928",http://www.archives.nd.edu/Alumnus/VOL_0007/VOL_0007_ISSUE_0003.pdf
VOL_0007_ISSUE_0004.pdf,"Notre Dame Alumnus Vol. 07, No. 04 -- December 1928",http://www.archives.nd.edu/Alumnus/VOL_0007/VOL_0007_ISSUE_0004.pdf
VOL_0007_ISSUE_0005.pdf,"Notre Dame Alumnus Vol. 07, No. 05 -- January 1929",http://www.archives.nd.edu/Alumnus/VOL_0007/VOL_0007_ISSUE_0005.pdf
VOL_0007_ISSUE_0006.pdf,"Notre Dame Alumnus Vol. 07, No. 06 -- February 1929",http://www.archives.nd.edu/Alumnus/VOL_0007/VOL_0007_ISSUE_0006.pdf
VOL_0007_ISSUE_0007.pdf,"Notre Dame Alumnus Vol. 07, No. 07 -- March 1929",http://www.archives.nd.edu/Alumnus/VOL_0007/VOL_0007_ISSUE_0007.pdf
VOL_0007_ISSUE_0008.pdf,"Notre Dame Alumnus Vol. 07, No. 08 -- April 1929",http://www.archives.nd.edu/Alumnus/VOL_0007/VOL_0007_ISSUE_0008.pdf
VOL_0007_ISSUE_0009.pdf,"Notre Dame Alumnus Vol. 07, No. 09 -- May 1929",http://www.archives.nd.edu/Alumnus/VOL_0007/VOL_0007_ISSUE_0009.pdf
VOL_0007_ISSUE_0010.pdf,"Notre Dame Alumnus Vol. 07, No. 10 -- June 1929",http://www.archives.nd.edu/Alumnus/VOL_0007/VOL_0007_ISSUE_0010.pdf
VOL_0008_ISSUE_0001.pdf,"Notre Dame Alumnus Vol. 08, No. 01 -- September 1929",http://www.archives.nd.edu/Alumnus/VOL_0008/VOL_0008_ISSUE_0001.pdf
VOL_0008_ISSUE_0002.pdf,"Notre Dame Alumnus Vol. 08, No. 02 -- October 1929",http://www.archives.nd.edu/Alumnus/VOL_0008/VOL_0008_ISSUE_0002.pdf
VOL_0008_ISSUE_0003.pdf,"Notre Dame Alumnus Vol. 08, No. 03 -- November 1929",http://www.archives.nd.edu/Alumnus/VOL_0008/VOL_0008_ISSUE_0003.pdf
VOL_0008_ISSUE_0004.pdf,"Notre Dame Alumnus Vol. 08, No. 04 -- December 1929",http://www.archives.nd.edu/Alumnus/VOL_0008/VOL_0008_ISSUE_0004.pdf
VOL_0008_ISSUE_0005.pdf,"Notre Dame Alumnus Vol. 08, No. 05 -- January 1930",http://www.archives.nd.edu/Alumnus/VOL_0008/VOL_0008_ISSUE_0005.pdf
VOL_0008_ISSUE_0006.pdf,"Notre Dame Alumnus Vol. 08, No. 06 -- February 1930",http://www.archives.nd.edu/Alumnus/VOL_0008/VOL_0008_ISSUE_0006.pdf
VOL_0008_ISSUE_0007.pdf,"Notre Dame Alumnus Vol. 08, No. 07 -- March 1930",http://www.archives.nd.edu/Alumnus/VOL_0008/VOL_0008_ISSUE_0007.pdf
VOL_0008_ISSUE_0008.pdf,"Notre Dame Alumnus Vol. 08, No. 08 -- April 1930",http://www.archives.nd.edu/Alumnus/VOL_0008/VOL_0008_ISSUE_0008.pdf
VOL_0008_ISSUE_0009.pdf,"Notre Dame Alumnus Vol. 08, No. 09 -- May 1930",http://www.archives.nd.edu/Alumnus/VOL_0008/VOL_0008_ISSUE_0009.pdf
VOL_0008_ISSUE_0010.pdf,"Notre Dame Alumnus Vol. 08, No. 10 -- June 1930",http://www.archives.nd.edu/Alumnus/VOL_0008/VOL_0008_ISSUE_0010.pdf
VOL_0009_ISSUE_0001.pdf,"Notre Dame Alumnus Vol. 09, No. 01 -- September 1930",http://www.archives.nd.edu/Alumnus/VOL_0009/VOL_0009_ISSUE_0001.pdf
VOL_0009_ISSUE_0002.pdf,"Notre Dame Alumnus Vol. 09, No. 02 -- October 1930",http://www.archives.nd.edu/Alumnus/VOL_0009/VOL_0009_ISSUE_0002.pdf
VOL_0009_ISSUE_0003.pdf,"Notre Dame Alumnus Vol. 09, No. 03 -- November 1930",http://www.archives.nd.edu/Alumnus/VOL_0009/VOL_0009_ISSUE_0003.pdf
VOL_0009_ISSUE_0004.pdf,"Notre Dame Alumnus Vol. 09, No. 04 -- December 1930",http://www.archives.nd.edu/Alumnus/VOL_0009/VOL_0009_ISSUE_0004.pdf
VOL_0009_ISSUE_0005.pdf,"Notre Dame Alumnus Vol. 09, No. 05 -- January 1931",http://www.archives.nd.edu/Alumnus/VOL_0009/VOL_0009_ISSUE_0005.pdf
VOL_0009_ISSUE_0006.pdf,"Notre Dame Alumnus Vol. 09, No. 06 -- February 1931",http://www.archives.nd.edu/Alumnus/VOL_0009/VOL_0009_ISSUE_0006.pdf
VOL_0009_ISSUE_0007.pdf,"Notre Dame Alumnus Vol. 09, No. 07 -- March 1931",http://www.archives.nd.edu/Alumnus/VOL_0009/VOL_0009_ISSUE_0007.pdf
VOL_0009_ISSUE_0008.pdf,"Notre Dame Alumnus Vol. 09, No. 08 -- April 1931",http://www.archives.nd.edu/Alumnus/VOL_0009/VOL_0009_ISSUE_0008.pdf
VOL_0009_ISSUE_0009.pdf,"Notre Dame Alumnus Vol. 09, No. 09 -- May 1931",http://www.archives.nd.edu/Alumnus/VOL_0009/VOL_0009_ISSUE_0009.pdf
VOL_0009_ISSUE_0010.pdf,"Notre Dame Alumnus Vol. 09, No. 10 -- June 1931",http://www.archives.nd.edu/Alumnus/VOL_0009/VOL_0009_ISSUE_0010.pdf
VOL_0010_ISSUE_0001.pdf,"Notre Dame Alumnus Vol. 10, No. 1 -- October 1931",http://www.archives.nd.edu/Alumnus/VOL_0010/VOL_0010_ISSUE_0001.pdf
VOL_0010_ISSUE_0002.pdf,"Notre Dame Alumnus Vol. 10, No. 2 -- November 1931",http://www.archives.nd.edu/Alumnus/VOL_0010/VOL_0010_ISSUE_0002.pdf
VOL_0010_ISSUE_0003.pdf,"Notre Dame Alumnus Vol. 10, No. 3 -- December 1931",http://www.archives.nd.edu/Alumnus/VOL_0010/VOL_0010_ISSUE_0003.pdf
VOL_0010_ISSUE_0004.pdf,"Notre Dame Alumnus Vol. 10, No. 4 -- January 1932",http://www.archives.nd.edu/Alumnus/VOL_0010/VOL_0010_ISSUE_0004.pdf
VOL_0010_ISSUE_0506.pdf,"Notre Dame Alumnus Vol. 10, No. 5-6 -- February-March 1932",http://www.archives.nd.edu/Alumnus/VOL_0010/VOL_0010_ISSUE_0506.pdf
VOL_0010_ISSUE_0708.pdf,"Notre Dame Alumnus Vol. 10, No. 7-8 -- April-May 1932",http://www.archives.nd.edu/Alumnus/VOL_0010/VOL_0010_ISSUE_0708.pdf
VOL_0010_ISSUE_0009.pdf,"Notre Dame Alumnus Vol. 10, No. 09 -- June 1932",http://www.archives.nd.edu/Alumnus/VOL_0010/VOL_0010_ISSUE_0009.pdf
VOL_0011_ISSUE_0001.pdf,"Notre Dame Alumnus Vol. 11, No. 01 -- October 1932",http://www.archives.nd.edu/Alumnus/VOL_0011/VOL_0011_ISSUE_0001.pdf
VOL_0011_ISSUE_0002.pdf,"Notre Dame Alumnus Vol. 11, No. 02 -- November 1932",http://www.archives.nd.edu/Alumnus/VOL_0011/VOL_0011_ISSUE_0002.pdf
VOL_0011_ISSUE_0003.pdf,"Notre Dame Alumnus Vol. 11, No. 03 -- December 1932",http://www.archives.nd.edu/Alumnus/VOL_0011/VOL_0011_ISSUE_0003.pdf
VOL_0011_ISSUE_0004.pdf,"Notre Dame Alumnus Vol. 11, No. 04 -- January 1933",http://www.archives.nd.edu/Alumnus/VOL_0011/VOL_0011_ISSUE_0004.pdf
VOL_0011_ISSUE_0005.pdf,"Notre Dame Alumnus Vol. 11, No. 05 -- February 1933",http://www.archives.nd.edu/Alumnus/VOL_0011/VOL_0011_ISSUE_0005.pdf
VOL_0011_ISSUE_0006.pdf,"Notre Dame Alumnus Vol. 11, No. 06 -- March 1933",http://www.archives.nd.edu/Alumnus/VOL_0011/VOL_0011_ISSUE_0006.pdf
VOL_0011_ISSUE_0007.pdf,"Notre Dame Alumnus Vol. 11, No. 07 -- April 1933",http://www.archives.nd.edu/Alumnus/VOL_0011/VOL_0011_ISSUE_0007.pdf
VOL_0011_ISSUE_0008.pdf,"Notre Dame Alumnus Vol. 11, No. 08 -- May 1933",http://www.archives.nd.edu/Alumnus/VOL_0011/VOL_0011_ISSUE_0008.pdf
VOL_0011_ISSUE_0009.pdf,"Notre Dame Alumnus Vol. 11, No. 09 -- June 1933",http://www.archives.nd.edu/Alumnus/VOL_0011/VOL_0011_ISSUE_0009.pdf
VOL_0012_ISSUE_0001.pdf,"Notre Dame Alumnus Vol. 12, No. 01 -- October 1933",http://www.archives.nd.edu/Alumnus/VOL_0012/VOL_0012_ISSUE_0001.pdf
VOL_0012_ISSUE_0002.pdf,"Notre Dame Alumnus Vol. 12, No. 02 -- November 1933",http://www.archives.nd.edu/Alumnus/VOL_0012/VOL_0012_ISSUE_0002.pdf
VOL_0012_ISSUE_0003.pdf,"Notre Dame Alumnus Vol. 12, No. 03 -- December 1933",http://www.archives.nd.edu/Alumnus/VOL_0012/VOL_0012_ISSUE_0003.pdf
VOL_0012_ISSUE_0004.pdf,"Notre Dame Alumnus Vol. 12, No. 04 -- January 1934",http://www.archives.nd.edu/Alumnus/VOL_0012/VOL_0012_ISSUE_0004.pdf
VOL_0012_ISSUE_0005.pdf,"Notre Dame Alumnus Vol. 12, No. 05 -- February 1934",http://www.archives.nd.edu/Alumnus/VOL_0012/VOL_0012_ISSUE_0005.pdf
VOL_0012_ISSUE_0006.pdf,"Notre Dame Alumnus Vol. 12, No. 06 -- March 1934",http://www.archives.nd.edu/Alumnus/VOL_0012/VOL_0012_ISSUE_0006.pdf
VOL_0012_ISSUE_0007.pdf,"Notre Dame Alumnus Vol. 12, No. 07 -- April 1934",http://www.archives.nd.edu/Alumnus/VOL_0012/VOL_0012_ISSUE_0007.pdf
VOL_0012_ISSUE_0008.pdf,"Notre Dame Alumnus Vol. 12, No. 08 -- May 1934",http://www.archives.nd.edu/Alumnus/VOL_0012/VOL_0012_ISSUE_0008.pdf
VOL_0012_ISSUE_0009.pdf,"Notre Dame Alumnus Vol. 12, No. 09 -- June 1934",http://www.archives.nd.edu/Alumnus/VOL_0012/VOL_0012_ISSUE_0009.pdf
VOL_0013_ISSUE_0001.pdf,"Notre Dame Alumnus Vol. 13, No. 01 -- October 1934",http://www.archives.nd.edu/Alumnus/VOL_0013/VOL_0013_ISSUE_0001.pdf
VOL_0013_ISSUE_0002.pdf,"Notre Dame Alumnus Vol. 13, No. 02 -- November 1934",http://www.archives.nd.edu/Alumnus/VOL_0013/VOL_0013_ISSUE_0002.pdf
VOL_0013_ISSUE_0003.pdf,"Notre Dame Alumnus Vol. 13, No. 03 -- December 1934",http://www.archives.nd.edu/Alumnus/VOL_0013/VOL_0013_ISSUE_0003.pdf
VOL_0013_ISSUE_0004.pdf,"Notre Dame Alumnus Vol. 13, No. 04 -- January 1935",http://www.archives.nd.edu/Alumnus/VOL_0013/VOL_0013_ISSUE_0004.pdf
VOL_0013_ISSUE_0005.pdf,"Notre Dame Alumnus Vol. 13, No. 05 -- February 1935",http://www.archives.nd.edu/Alumnus/VOL_0013/VOL_0013_ISSUE_0005.pdf
VOL_0013_ISSUE_0006.pdf,"Notre Dame Alumnus Vol. 13, No. 06 -- March 1935",http://www.archives.nd.edu/Alumnus/VOL_0013/VOL_0013_ISSUE_0006.pdf
VOL_0013_ISSUE_0007.pdf,"Notre Dame Alumnus Vol. 13, No. 07 -- April 1935",http://www.archives.nd.edu/Alumnus/VOL_0013/VOL_0013_ISSUE_0007.pdf
VOL_0013_ISSUE_0008.pdf,"Notre Dame Alumnus Vol. 13, No. 08 -- May 1935",http://www.archives.nd.edu/Alumnus/VOL_0013/VOL_0013_ISSUE_0008.pdf
VOL_0013_ISSUE_0009.pdf,"Notre Dame Alumnus Vol. 13, No. 09 -- June 1935",http://www.archives.nd.edu/Alumnus/VOL_0013/VOL_0013_ISSUE_0009.pdf
VOL_0014_ISSUE_0001.pdf,"Notre Dame Alumnus Vol. 14, No. 01 -- October 1935",http://www.archives.nd.edu/Alumnus/VOL_0014/VOL_0014_ISSUE_0001.pdf
VOL_0014_ISSUE_0002.pdf,"Notre Dame Alumnus Vol. 14, No. 02 -- November 1935",http://www.archives.nd.edu/Alumnus/VOL_0014/VOL_0014_ISSUE_0002.pdf
VOL_0014_ISSUE_0003.pdf,"Notre Dame Alumnus Vol. 14, No. 03 -- December 1935",http://www.archives.nd.edu/Alumnus/VOL_0014/VOL_0014_ISSUE_0003.pdf
VOL_0014_ISSUE_0004.pdf,"Notre Dame Alumnus Vol. 14, No. 04 -- January 1936",http://www.archives.nd.edu/Alumnus/VOL_0014/VOL_0014_ISSUE_0004.pdf
VOL_0014_ISSUE_0005.pdf,"Notre Dame Alumnus Vol. 14, No. 05 -- February 1936",http://www.archives.nd.edu/Alumnus/VOL_0014/VOL_0014_ISSUE_0005.pdf
VOL_0014_ISSUE_0006.pdf,"Notre Dame Alumnus Vol. 14, No. 06 -- March 1936",http://www.archives.nd.edu/Alumnus/VOL_0014/VOL_0014_ISSUE_0006.pdf
VOL_0014_ISSUE_0007.pdf,"Notre Dame Alumnus Vol. 14, No. 07 -- April 1936",http://www.archives.nd.edu/Alumnus/VOL_0014/VOL_0014_ISSUE_0007.pdf
VOL_0014_ISSUE_0008.pdf,"Notre Dame Alumnus Vol. 14, No. 08 -- May 1936",http://www.archives.nd.edu/Alumnus/VOL_0014/VOL_0014_ISSUE_0008.pdf
VOL_0014_ISSUE_0009.pdf,"Notre Dame Alumnus Vol. 14, No. 09 -- June 1936",http://www.archives.nd.edu/Alumnus/VOL_0014/VOL_0014_ISSUE_0009.pdf
VOL_0015_ISSUE_0001.pdf,"Notre Dame Alumnus Vol. 15, No. 01 -- October 1936",http://www.archives.nd.edu/Alumnus/VOL_0015/VOL_0015_ISSUE_0001.pdf
VOL_0015_ISSUE_0002.pdf,"Notre Dame Alumnus Vol. 15, No. 02 -- November 1936",http://www.archives.nd.edu/Alumnus/VOL_0015/VOL_0015_ISSUE_0002.pdf
VOL_0015_ISSUE_0003.pdf,"Notre Dame Alumnus Vol. 15, No. 03 -- December 1936",http://www.archives.nd.edu/Alumnus/VOL_0015/VOL_0015_ISSUE_0003.pdf
VOL_0015_ISSUE_0004.pdf,"Notre Dame Alumnus Vol. 15, No. 04 -- January 1937",http://www.archives.nd.edu/Alumnus/VOL_0015/VOL_0015_ISSUE_0004.pdf
VOL_0015_ISSUE_0005.pdf,"Notre Dame Alumnus Vol. 15, No. 05 -- January 1937",http://www.archives.nd.edu/Alumnus/VOL_0015/VOL_0015_ISSUE_0005.pdf
VOL_0015_ISSUE_0006.pdf,"Notre Dame Alumnus Vol. 15, No. 06 -- February 1937",http://www.archives.nd.edu/Alumnus/VOL_0015/VOL_0015_ISSUE_0006.pdf
VOL_0015_ISSUE_0007.pdf,"Notre Dame Alumnus Vol. 15, No. 07 -- March 1937",http://www.archives.nd.edu/Alumnus/VOL_0015/VOL_0015_ISSUE_0007.pdf
VOL_0015_ISSUE_0008.pdf,"Notre Dame Alumnus Vol. 15, No. 08 -- April 1937",http://www.archives.nd.edu/Alumnus/VOL_0015/VOL_0015_ISSUE_0008.pdf
VOL_0015_ISSUE_0009.pdf,"Notre Dame Alumnus Vol. 15, No. 09 -- May 1937",http://www.archives.nd.edu/Alumnus/VOL_0015/VOL_0015_ISSUE_0009.pdf
VOL_0016_ISSUE_0001.pdf,"Notre Dame Alumnus Vol. 16, No. 01 -- October 1937",http://www.archives.nd.edu/Alumnus/VOL_0016/VOL_0016_ISSUE_0001.pdf
VOL_0016_ISSUE_0002.pdf,"Notre Dame Alumnus Vol. 16, No. 02 -- November 1937",http://www.archives.nd.edu/Alumnus/VOL_0016/VOL_0016_ISSUE_0002.pdf
VOL_0016_ISSUE_0003.pdf,"Notre Dame Alumnus Vol. 16, No. 03 -- December 1937 - January 1938",http://www.archives.nd.edu/Alumnus/VOL_0016/VOL_0016_ISSUE_0003.pdf
VOL_0016_ISSUE_0004.pdf,"Notre Dame Alumnus Vol. 16, No. 04 -- January-February 1938",http://www.archives.nd.edu/Alumnus/VOL_0016/VOL_0016_ISSUE_0004.pdf
VOL_0016_ISSUE_0005.pdf,"Notre Dame Alumnus Vol. 16, No. 05 -- March-April 1938",http://www.archives.nd.edu/Alumnus/VOL_0016/VOL_0016_ISSUE_0005.pdf
VOL_0016_ISSUE_0006.pdf,"Notre Dame Alumnus Vol. 16, No. 06 -- May 1938",http://www.archives.nd.edu/Alumnus/VOL_0016/VOL_0016_ISSUE_0006.pdf
VOL_0016_ISSUE_0007.pdf,"Notre Dame Alumnus Vol. 16, No. 07 -- June 1938",http://www.archives.nd.edu/Alumnus/VOL_0016/VOL_0016_ISSUE_0007.pdf
VOL_0017_ISSUE_0001.pdf,"Notre Dame Alumnus Vol. 17, No. 01 -- October 1938",http://www.archives.nd.edu/Alumnus/VOL_0017/VOL_0017_ISSUE_0001.pdf
VOL_0017_ISSUE_0002.pdf,"Notre Dame Alumnus Vol. 17, No. 02 -- November 1938",http://www.archives.nd.edu/Alumnus/VOL_0017/VOL_0017_ISSUE_0002.pdf
VOL_0017_ISSUE_0003.pdf,"Notre Dame Alumnus Vol. 17, No. 03 -- December 1938",http://www.archives.nd.edu/Alumnus/VOL_0017/VOL_0017_ISSUE_0003.pdf
VOL_0017_ISSUE_0004.pdf,"Notre Dame Alumnus Vol. 17, No. 04 -- February 1939",http://www.archives.nd.edu/Alumnus/VOL_0017/VOL_0017_ISSUE_0004.pdf
VOL_0017_ISSUE_0005.pdf,"Notre Dame Alumnus Vol. 17, No. 05 -- March-April 1939",http://www.archives.nd.edu/Alumnus/VOL_0017/VOL_0017_ISSUE_0005.pdf
VOL_0017_ISSUE_0006.pdf,"Notre Dame Alumnus Vol. 17, No. 06 -- May 1939",http://www.archives.nd.edu/Alumnus/VOL_0017/VOL_0017_ISSUE_0006.pdf
VOL_0017_ISSUE_0007.pdf,"Notre Dame Alumnus Vol. 17, No. 07 -- June 1939",http://www.archives.nd.edu/Alumnus/VOL_0017/VOL_0017_ISSUE_0007.pdf
VOL_0018_ISSUE_0001.pdf,"Notre Dame Alumnus Vol. 18, No. 01 -- October 1939",http://www.archives.nd.edu/Alumnus/VOL_0018/VOL_0018_ISSUE_0001.pdf
VOL_0018_ISSUE_0002.pdf,"Notre Dame Alumnus Vol. 18, No. 02 -- November 1939",http://www.archives.nd.edu/Alumnus/VOL_0018/VOL_0018_ISSUE_0002.pdf
VOL_0018_ISSUE_0003.pdf,"Notre Dame Alumnus Vol. 18, No. 03 -- December 1939",http://www.archives.nd.edu/Alumnus/VOL_0018/VOL_0018_ISSUE_0003.pdf
VOL_0018_ISSUE_0004.pdf,"Notre Dame Alumnus Vol. 18, No. 04 -- February 1940",http://www.archives.nd.edu/Alumnus/VOL_0018/VOL_0018_ISSUE_0004.pdf
VOL_0018_ISSUE_0005.pdf,"Notre Dame Alumnus Vol. 18, No. 05 -- March 1940",http://www.archives.nd.edu/Alumnus/VOL_0018/VOL_0018_ISSUE_0005.pdf
VOL_0018_ISSUE_0006.pdf,"Notre Dame Alumnus Vol. 18, No. 06 -- April 1940",http://www.archives.nd.edu/Alumnus/VOL_0018/VOL_0018_ISSUE_0006.pdf
VOL_0018_ISSUE_0007.pdf,"Notre Dame Alumnus Vol. 18, No. 07 -- May 1940",http://www.archives.nd.edu/Alumnus/VOL_0018/VOL_0018_ISSUE_0007.pdf
VOL_0018_ISSUE_0008.pdf,"Notre Dame Alumnus Vol. 18, No. 08 -- June 1940",http://www.archives.nd.edu/Alumnus/VOL_0018/VOL_0018_ISSUE_0008.pdf
VOL_0019_ISSUE_0001.pdf,"Notre Dame Alumnus Vol. 19, No. 01 -- October 1940",http://www.archives.nd.edu/Alumnus/VOL_0019/VOL_0019_ISSUE_0001.pdf
VOL_0019_ISSUE_0002.pdf,"Notre Dame Alumnus Vol. 19, No. 02 -- November 1940",http://www.archives.nd.edu/Alumnus/VOL_0019/VOL_0019_ISSUE_0002.pdf
VOL_0019_ISSUE_0003.pdf,"Notre Dame Alumnus Vol. 19, No. 03 -- December 1940",http://www.archives.nd.edu/Alumnus/VOL_0019/VOL_0019_ISSUE_0003.pdf
VOL_0019_ISSUE_0004.pdf,"Notre Dame Alumnus Vol. 19, No. 04 -- February 1941",http://www.archives.nd.edu/Alumnus/VOL_0019/VOL_0019_ISSUE_0004.pdf
VOL_0019_ISSUE_0005.pdf,"Notre Dame Alumnus Vol. 19, No. 05 -- March 1941",http://www.archives.nd.edu/Alumnus/VOL_0019/VOL_0019_ISSUE_0005.pdf
VOL_0019_ISSUE_0006.pdf,"Notre Dame Alumnus Vol. 19, No. 06 -- April 1941",http://www.archives.nd.edu/Alumnus/VOL_0019/VOL_0019_ISSUE_0006.pdf
VOL_0019_ISSUE_0007.pdf,"Notre Dame Alumnus Vol. 19, No. 07 -- May 1941",http://www.archives.nd.edu/Alumnus/VOL_0019/VOL_0019_ISSUE_0007.pdf
VOL_0019_ISSUE_0008.pdf,"Notre Dame Alumnus Vol. 19, No. 08 -- June 1941",http://www.archives.nd.edu/Alumnus/VOL_0019/VOL_0019_ISSUE_0008.pdf
VOL_0020_ISSUE_0001.pdf,"Notre Dame Alumnus Vol. 20, No. 01 -- October 1941",http://www.archives.nd.edu/Alumnus/VOL_0020/VOL_0020_ISSUE_0001.pdf
VOL_0020_ISSUE_0002.pdf,"Notre Dame Alumnus Vol. 20, No. 02 -- November 1941",http://www.archives.nd.edu/Alumnus/VOL_0020/VOL_0020_ISSUE_0002.pdf
VOL_0020_ISSUE_0003.pdf,"Notre Dame Alumnus Vol. 20, No. 03 -- December 1941",http://www.archives.nd.edu/Alumnus/VOL_0020/VOL_0020_ISSUE_0003.pdf
VOL_0020_ISSUE_0004.pdf,"Notre Dame Alumnus Vol. 20, No. 04 -- February 1942",http://www.archives.nd.edu/Alumnus/VOL_0020/VOL_0020_ISSUE_0004.pdf
VOL_0020_ISSUE_0005.pdf,"Notre Dame Alumnus Vol. 20, No. 05 -- March 1942",http://www.archives.nd.edu/Alumnus/VOL_0020/VOL_0020_ISSUE_0005.pdf
VOL_0020_ISSUE_0006.pdf,"Notre Dame Alumnus Vol. 20, No. 06 -- April 1942",http://www.archives.nd.edu/Alumnus/VOL_0020/VOL_0020_ISSUE_0006.pdf
VOL_0020_ISSUE_0007.pdf,"Notre Dame Alumnus Vol. 20, No. 07 -- May 1942",http://www.archives.nd.edu/Alumnus/VOL_0020/VOL_0020_ISSUE_0007.pdf
VOL_0020_ISSUE_0008.pdf,"Notre Dame Alumnus Vol. 20, No. 08 -- June 1942",http://www.archives.nd.edu/Alumnus/VOL_0020/VOL_0020_ISSUE_0008.pdf
VOL_0021_ISSUE_0001.pdf,"Notre Dame Alumnus Vol. 21, No. 01 -- October 1942",http://www.archives.nd.edu/Alumnus/VOL_0021/VOL_0021_ISSUE_0001.pdf
VOL_0021_ISSUE_0002.pdf,"Notre Dame Alumnus Vol. 21, No. 02 -- December 1942",http://www.archives.nd.edu/Alumnus/VOL_0021/VOL_0021_ISSUE_0002.pdf
VOL_0021_ISSUE_0003.pdf,"Notre Dame Alumnus Vol. 21, No. 03 -- February 1943",http://www.archives.nd.edu/Alumnus/VOL_0021/VOL_0021_ISSUE_0003.pdf
VOL_0021_ISSUE_0004.pdf,"Notre Dame Alumnus Vol. 21, No. 04 -- April 1943",http://www.archives.nd.edu/Alumnus/VOL_0021/VOL_0021_ISSUE_0004.pdf
VOL_0021_ISSUE_0005.pdf,"Notre Dame Alumnus Vol. 21, No. 05 -- June 1943",http://www.archives.nd.edu/Alumnus/VOL_0021/VOL_0021_ISSUE_0005.pdf
VOL_0021_ISSUE_0006.pdf,"Notre Dame Alumnus Vol. 21, No. 06 -- August 1943",http://www.archives.nd.edu/Alumnus/VOL_0021/VOL_0021_ISSUE_0006.pdf
VOL_0022_ISSUE_0001.pdf,"Notre Dame Alumnus Vol. 22, No. 01 -- October 1943",http://www.archives.nd.edu/Alumnus/VOL_0022/VOL_0022_ISSUE_0001.pdf
VOL_0022_ISSUE_0002.pdf,"Notre Dame Alumnus Vol. 22, No. 02 -- December 1943",http://www.archives.nd.edu/Alumnus/VOL_0022/VOL_0022_ISSUE_0002.pdf
VOL_0022_ISSUE_0003.pdf,"Notre Dame Alumnus Vol. 22, No. 03 -- February 1944",http://www.archives.nd.edu/Alumnus/VOL_0022/VOL_0022_ISSUE_0003.pdf
VOL_0022_ISSUE_0004.pdf,"Notre Dame Alumnus Vol. 22, No. 04 -- April 1944",http://www.archives.nd.edu/Alumnus/VOL_0022/VOL_0022_ISSUE_0004.pdf
VOL_0022_ISSUE_0005.pdf,"Notre Dame Alumnus Vol. 22, No. 05 -- June 1944",http://www.archives.nd.edu/Alumnus/VOL_0022/VOL_0022_ISSUE_0005.pdf
VOL_0022_ISSUE_0006.pdf,"Notre Dame Alumnus Vol. 22, No. 06 -- August 1944",http://www.archives.nd.edu/Alumnus/VOL_0022/VOL_0022_ISSUE_0006.pdf
VOL_0022_ISSUE_0007.pdf,"Notre Dame Alumnus Vol. 22, No. 07 -- October 1944",http://www.archives.nd.edu/Alumnus/VOL_0022/VOL_0022_ISSUE_0007.pdf
VOL_0022_ISSUE_0008.pdf,"Notre Dame Alumnus Vol. 22, No. 08 -- December 1944",http://www.archives.nd.edu/Alumnus/VOL_0022/VOL_0022_ISSUE_0008.pdf
VOL_0023_ISSUE_0001.pdf,"Notre Dame Alumnus Vol. 23, No. 01 -- February 1945",http://www.archives.nd.edu/Alumnus/VOL_0023/VOL_0023_ISSUE_0001.pdf
VOL_0023_ISSUE_0002.pdf,"Notre Dame Alumnus Vol. 23, No. 02 -- April 1945",http://www.archives.nd.edu/Alumnus/VOL_0023/VOL_0023_ISSUE_0002.pdf
VOL_0023_ISSUE_0003.pdf,"Notre Dame Alumnus Vol. 23, No. 03 -- June 1945",http://www.archives.nd.edu/Alumnus/VOL_0023/VOL_0023_ISSUE_0003.pdf
VOL_0023_ISSUE_0004.pdf,"Notre Dame Alumnus Vol. 23, No. 04 -- August 1945",http://www.archives.nd.edu/Alumnus/VOL_0023/VOL_0023_ISSUE_0004.pdf
VOL_0023_ISSUE_0005.pdf,"Notre Dame Alumnus Vol. 23, No. 05 -- October 1945",http://www.archives.nd.edu/Alumnus/VOL_0023/VOL_0023_ISSUE_0005.pdf
VOL_0023_ISSUE_0006.pdf,"Notre Dame Alumnus Vol. 23, No. 06 -- December 1945",http://www.archives.nd.edu/Alumnus/VOL_0023/VOL_0023_ISSUE_0006.pdf
VOL_0024_ISSUE_0001.pdf,"Notre Dame Alumnus Vol. 24, No. 01 -- February 1946",http://www.archives.nd.edu/Alumnus/VOL_0024/VOL_0024_ISSUE_0001.pdf
VOL_0024_ISSUE_0002.pdf,"Notre Dame Alumnus Vol. 24, No. 02 -- April 1946",http://www.archives.nd.edu/Alumnus/VOL_0024/VOL_0024_ISSUE_0002.pdf
VOL_0024_ISSUE_0003.pdf,"Notre Dame Alumnus Vol. 24, No. 03 -- June 1946",http://www.archives.nd.edu/Alumnus/VOL_0024/VOL_0024_ISSUE_0003.pdf
VOL_0024_ISSUE_0004.pdf,"Notre Dame Alumnus Vol. 24, No. 04 -- August 1946",http://www.archives.nd.edu/Alumnus/VOL_0024/VOL_0024_ISSUE_0004.pdf
VOL_0024_ISSUE_0005.pdf,"Notre Dame Alumnus Vol. 24, No. 05 -- October 1946",http://www.archives.nd.edu/Alumnus/VOL_0024/VOL_0024_ISSUE_0005.pdf
VOL_0024_ISSUE_0006.pdf,"Notre Dame Alumnus Vol. 24, No. 06 -- December 1946",http://www.archives.nd.edu/Alumnus/VOL_0024/VOL_0024_ISSUE_0006.pdf
VOL_0025_ISSUE_0001.pdf,"Notre Dame Alumnus Vol. 25, No. 01 -- February 1947",http://www.archives.nd.edu/Alumnus/VOL_0025/VOL_0025_ISSUE_0001.pdf
VOL_0025_ISSUE_0002.pdf,"Notre Dame Alumnus Vol. 25, No. 02 -- April 1947",http://www.archives.nd.edu/Alumnus/VOL_0025/VOL_0025_ISSUE_0002.pdf
VOL_0025_ISSUE_0003.pdf,"Notre Dame Alumnus Vol. 25, No. 03 -- June 1947",http://www.archives.nd.edu/Alumnus/VOL_0025/VOL_0025_ISSUE_0003.pdf
VOL_0025_ISSUE_0004.pdf,"Notre Dame Alumnus Vol. 25, No. 04 -- August 1947",http://www.archives.nd.edu/Alumnus/VOL_0025/VOL_0025_ISSUE_0004.pdf
VOL_0025_ISSUE_0005.pdf,"Notre Dame Alumnus Vol. 25, No. 05 -- October 1947",http://www.archives.nd.edu/Alumnus/VOL_0025/VOL_0025_ISSUE_0005.pdf
VOL_0025_ISSUE_0006.pdf,"Notre Dame Alumnus Vol. 25, No. 06 -- December 1947",http://www.archives.nd.edu/Alumnus/VOL_0025/VOL_0025_ISSUE_0006.pdf
VOL_0026_ISSUE_0001.pdf,"Notre Dame Alumnus Vol. 26, No. 01 -- February 1948",http://www.archives.nd.edu/Alumnus/VOL_0026/VOL_0026_ISSUE_0001.pdf
VOL_0026_ISSUE_0002.pdf,"Notre Dame Alumnus Vol. 26, No. 02 -- April 1948",http://www.archives.nd.edu/Alumnus/VOL_0026/VOL_0026_ISSUE_0002.pdf
VOL_0026_ISSUE_0003.pdf,"Notre Dame Alumnus Vol. 26, No. 03 -- May-June 1948",http://www.archives.nd.edu/Alumnus/VOL_0026/VOL_0026_ISSUE_0003.pdf
VOL_0026_ISSUE_0004.pdf,"Notre Dame Alumnus Vol. 26, No. 04 -- July-August 1948",http://www.archives.nd.edu/Alumnus/VOL_0026/VOL_0026_ISSUE_0004.pdf
VOL_0026_ISSUE_0005.pdf,"Notre Dame Alumnus Vol. 26, No. 05 -- September-October 1948",http://www.archives.nd.edu/Alumnus/VOL_0026/VOL_0026_ISSUE_0005.pdf
VOL_0026_ISSUE_0006.pdf,"Notre Dame Alumnus Vol. 26, No. 06 -- November-December 1948",http://www.archives.nd.edu/Alumnus/VOL_0026/VOL_0026_ISSUE_0006.pdf
VOL_0027_ISSUE_0001.pdf,"Notre Dame Alumnus Vol. 27, No. 01 -- January-February 1949",http://www.archives.nd.edu/Alumnus/VOL_0027/VOL_0027_ISSUE_0001.pdf
VOL_0027_ISSUE_0002.pdf,"Notre Dame Alumnus Vol. 27, No. 02 -- March-April 1949",http://www.archives.nd.edu/Alumnus/VOL_0027/VOL_0027_ISSUE_0002.pdf
VOL_0027_ISSUE_0003.pdf,"Notre Dame Alumnus Vol. 27, No. 03 -- May-June 1949",http://www.archives.nd.edu/Alumnus/VOL_0027/VOL_0027_ISSUE_0003.pdf
VOL_0027_ISSUE_0004.pdf,"Notre Dame Alumnus Vol. 27, No. 04 -- July-August 1949",http://www.archives.nd.edu/Alumnus/VOL_0027/VOL_0027_ISSUE_0004.pdf
VOL_0027_ISSUE_0005.pdf,"Notre Dame Alumnus Vol. 27, No. 05 -- September-October 1949",http://www.archives.nd.edu/Alumnus/VOL_0027/VOL_0027_ISSUE_0005.pdf
VOL_0027_ISSUE_0006.pdf,"Notre Dame Alumnus Vol. 27, No. 06 -- November-December 1949",http://www.archives.nd.edu/Alumnus/VOL_0027/VOL_0027_ISSUE_0006.pdf
VOL_0028_ISSUE_0001.pdf,"Notre Dame Alumnus Vol. 28, No. 01 -- January-February 1950",http://www.archives.nd.edu/Alumnus/VOL_0028/VOL_0028_ISSUE_0001.pdf
VOL_0028_ISSUE_0002.pdf,"Notre Dame Alumnus Vol. 28, No. 02 -- March-April 1950",http://www.archives.nd.edu/Alumnus/VOL_0028/VOL_0028_ISSUE_0002.pdf
VOL_0028_ISSUE_0003.pdf,"Notre Dame Alumnus Vol. 28, No. 03 -- May-June 1950",http://www.archives.nd.edu/Alumnus/VOL_0028/VOL_0028_ISSUE_0003.pdf
VOL_0028_ISSUE_0004.pdf,"Notre Dame Alumnus Vol. 28, No. 04 -- July-August 1950",http://www.archives.nd.edu/Alumnus/VOL_0028/VOL_0028_ISSUE_0004.pdf
VOL_0028_ISSUE_0005.pdf,"Notre Dame Alumnus Vol. 28, No. 05 -- September-October 1950",http://www.archives.nd.edu/Alumnus/VOL_0028/VOL_0028_ISSUE_0005.pdf
VOL_0028_ISSUE_0006.pdf,"Notre Dame Alumnus Vol. 28, No. 06 -- October-November 1950",http://www.archives.nd.edu/Alumnus/VOL_0028/VOL_0028_ISSUE_0006.pdf
VOL_0029_ISSUE_0001.pdf,"Notre Dame Alumnus Vol. 29, No. 01 -- January-February 1951",http://www.archives.nd.edu/Alumnus/VOL_0029/VOL_0029_ISSUE_0001.pdf
VOL_0029_ISSUE_0002.pdf,"Notre Dame Alumnus Vol. 29, No. 02 -- March-April 1951",http://www.archives.nd.edu/Alumnus/VOL_0029/VOL_0029_ISSUE_0002.pdf
VOL_0029_ISSUE_0003.pdf,"Notre Dame Alumnus Vol. 29, No. 03 -- May-June 1951",http://www.archives.nd.edu/Alumnus/VOL_0029/VOL_0029_ISSUE_0003.pdf
VOL_0029_ISSUE_0004.pdf,"Notre Dame Alumnus Vol. 29, No. 04 -- July-August 1951",http://www.archives.nd.edu/Alumnus/VOL_0029/VOL_0029_ISSUE_0004.pdf
VOL_0029_ISSUE_0005.pdf,"Notre Dame Alumnus Vol. 29, No. 05 -- September-October 1951",http://www.archives.nd.edu/Alumnus/VOL_0029/VOL_0029_ISSUE_0005.pdf
VOL_0029_ISSUE_0006.pdf,"Notre Dame Alumnus Vol. 29, No. 06 -- November-December 1951",http://www.archives.nd.edu/Alumnus/VOL_0029/VOL_0029_ISSUE_0006.pdf
VOL_0030_ISSUE_0001.pdf,"Notre Dame Alumnus Vol. 30, No. 01 -- January-February 1952",http://www.archives.nd.edu/Alumnus/VOL_0030/VOL_0030_ISSUE_0001.pdf
VOL_0030_ISSUE_0002.pdf,"Notre Dame Alumnus Vol. 30, No. 02 -- March-April 1952",http://www.archives.nd.edu/Alumnus/VOL_0030/VOL_0030_ISSUE_0002.pdf
VOL_0030_ISSUE_0003.pdf,"Notre Dame Alumnus Vol. 30, No. 03 -- May-June 1952",http://www.archives.nd.edu/Alumnus/VOL_0030/VOL_0030_ISSUE_0003.pdf
VOL_0030_ISSUE_0004.pdf,"Notre Dame Alumnus Vol. 30, No. 04 -- July-August 1952",http://www.archives.nd.edu/Alumnus/VOL_0030/VOL_0030_ISSUE_0004.pdf
VOL_0030_ISSUE_0005.pdf,"Notre Dame Alumnus Vol. 30, No. 05 -- October 1952",http://www.archives.nd.edu/Alumnus/VOL_0030/VOL_0030_ISSUE_0005.pdf
VOL_0030_ISSUE_0006.pdf,"Notre Dame Alumnus Vol. 30, No. 06 -- December 1952",http://www.archives.nd.edu/Alumnus/VOL_0030/VOL_0030_ISSUE_0006.pdf
VOL_0031_ISSUE_0001.pdf,"Notre Dame Alumnus Vol. 31, No. 01 -- January-February 1953",http://www.archives.nd.edu/Alumnus/VOL_0031/VOL_0031_ISSUE_0001.pdf
VOL_0031_ISSUE_0002.pdf,"Notre Dame Alumnus Vol. 31, No. 02 -- March-April 1953",http://www.archives.nd.edu/Alumnus/VOL_0031/VOL_0031_ISSUE_0002.pdf
VOL_0031_ISSUE_0003.pdf,"Notre Dame Alumnus Vol. 31, No. 03 -- May-June 1953",http://www.archives.nd.edu/Alumnus/VOL_0031/VOL_0031_ISSUE_0003.pdf
VOL_0031_ISSUE_0004.pdf,"Notre Dame Alumnus Vol. 31, No. 04 -- July-August 1953",http://www.archives.nd.edu/Alumnus/VOL_0031/VOL_0031_ISSUE_0004.pdf
VOL_0031_ISSUE_0005.pdf,"Notre Dame Alumnus Vol. 31, No. 05 -- October 1953",http://www.archives.nd.edu/Alumnus/VOL_0031/VOL_0031_ISSUE_0005.pdf
VOL_0031_ISSUE_0006.pdf,"Notre Dame Alumnus Vol. 31, No. 06 -- November-December 1953",http://www.archives.nd.edu/Alumnus/VOL_0031/VOL_0031_ISSUE_0006.pdf
VOL_0032_ISSUE_0001.pdf,"Notre Dame Alumnus Vol. 32, No. 01 -- January-February 1954",http://www.archives.nd.edu/Alumnus/VOL_0032/VOL_0032_ISSUE_0001.pdf
VOL_0032_ISSUE_0002.pdf,"Notre Dame Alumnus Vol. 32, No. 02 -- March 1954",http://www.archives.nd.edu/Alumnus/VOL_0032/VOL_0032_ISSUE_0002.pdf
VOL_0032_ISSUE_0003.pdf,"Notre Dame Alumnus Vol. 32, No. 03 -- May-June 1954",http://www.archives.nd.edu/Alumnus/VOL_0032/VOL_0032_ISSUE_0003.pdf
VOL_0032_ISSUE_0004.pdf,"Notre Dame Alumnus Vol. 32, No. 04 -- August-September 1954",http://www.archives.nd.edu/Alumnus/VOL_0032/VOL_0032_ISSUE_0004.pdf
VOL_0032_ISSUE_0005.pdf,"Notre Dame Alumnus Vol. 32, No. 05 -- November-December 1954",http://www.archives.nd.edu/Alumnus/VOL_0032/VOL_0032_ISSUE_0005.pdf
VOL_0033_ISSUE_0001.pdf,"Notre Dame Alumnus Vol. 33, No. 01 -- January-February 1955",http://www.archives.nd.edu/Alumnus/VOL_0033/VOL_0033_ISSUE_0001.pdf
VOL_0033_ISSUE_0002.pdf,"Notre Dame Alumnus Vol. 33, No. 02 -- March 1955",http://www.archives.nd.edu/Alumnus/VOL_0033/VOL_0033_ISSUE_0002.pdf
VOL_0033_ISSUE_0003.pdf,"Notre Dame Alumnus Vol. 33, No. 03 -- May-June 1955",http://www.archives.nd.edu/Alumnus/VOL_0033/VOL_0033_ISSUE_0003.pdf
VOL_0033_ISSUE_0004.pdf,"Notre Dame Alumnus Vol. 33, No. 04 -- July-August 1955",http://www.archives.nd.edu/Alumnus/VOL_0033/VOL_0033_ISSUE_0004.pdf
VOL_0033_ISSUE_0005.pdf,"Notre Dame Alumnus Vol. 33, No. 05 -- September 1955",http://www.archives.nd.edu/Alumnus/VOL_0033/VOL_0033_ISSUE_0005.pdf
VOL_0033_ISSUE_0006.pdf,"Notre Dame Alumnus Vol. 33, No. 06 -- November-December 1955",http://www.archives.nd.edu/Alumnus/VOL_0033/VOL_0033_ISSUE_0006.pdf
VOL_0034_ISSUE_0001.pdf,"Notre Dame Alumnus Vol. 34, No. 01 -- February 1956",http://www.archives.nd.edu/Alumnus/VOL_0034/VOL_0034_ISSUE_0001.pdf
VOL_0034_ISSUE_0002.pdf,"Notre Dame Alumnus Vol. 34, No. 02 -- March-April 1956",http://www.archives.nd.edu/Alumnus/VOL_0034/VOL_0034_ISSUE_0002.pdf
VOL_0034_ISSUE_0003.pdf,"Notre Dame Alumnus Vol. 34, No. 03 -- June-July 1956",http://www.archives.nd.edu/Alumnus/VOL_0034/VOL_0034_ISSUE_0003.pdf
VOL_0034_ISSUE_0004.pdf,"Notre Dame Alumnus Vol. 34, No. 04 -- August 1956",http://www.archives.nd.edu/Alumnus/VOL_0034/VOL_0034_ISSUE_0004.pdf
VOL_0034_ISSUE_0005.pdf,"Notre Dame Alumnus Vol. 34, No. 05 -- October 1956",http://www.archives.nd.edu/Alumnus/VOL_0034/VOL_0034_ISSUE_0005.pdf
VOL_0034_ISSUE_0006.pdf,"Notre Dame Alumnus Vol. 34, No. 06 -- November-December 1956",http://www.archives.nd.edu/Alumnus/VOL_0034/VOL_0034_ISSUE_0006.pdf
VOL_0035_ISSUE_0001.pdf,"Notre Dame Alumnus Vol. 35, No. 01 -- February 1957",http://www.archives.nd.edu/Alumnus/VOL_0035/VOL_0035_ISSUE_0001.pdf
VOL_0035_ISSUE_0002.pdf,"Notre Dame Alumnus Vol. 35, No. 02 -- February-March 1957",http://www.archives.nd.edu/Alumnus/VOL_0035/VOL_0035_ISSUE_0002.pdf
VOL_0035_ISSUE_0003.pdf,"Notre Dame Alumnus Vol. 35, No. 03 -- April 1957",http://www.archives.nd.edu/Alumnus/VOL_0035/VOL_0035_ISSUE_0003.pdf
VOL_0035_ISSUE_0004.pdf,"Notre Dame Alumnus Vol. 35, No. 04 -- May-June 1957",http://www.archives.nd.edu/Alumnus/VOL_0035/VOL_0035_ISSUE_0004.pdf
VOL_0035_ISSUE_0005.pdf,"Notre Dame Alumnus Vol. 35, No. 05 -- August-September 1957",http://www.archives.nd.edu/Alumnus/VOL_0035/VOL_0035_ISSUE_0005.pdf
VOL_0035_ISSUE_0006.pdf,"Notre Dame Alumnus Vol. 35, No. 06 -- October-November 1957",http://www.archives.nd.edu/Alumnus/VOL_0035/VOL_0035_ISSUE_0006.pdf
VOL_0036_ISSUE_0001.pdf,"Notre Dame Alumnus Vol. 36, No. 01 -- February 1958",http://www.archives.nd.edu/Alumnus/VOL_0036/VOL_0036_ISSUE_0001.pdf
VOL_0036_ISSUE_0002.pdf,"Notre Dame Alumnus Vol. 36, No. 02 -- March 1958",http://www.archives.nd.edu/Alumnus/VOL_0036/VOL_0036_ISSUE_0002.pdf
VOL_0036_ISSUE_0003.pdf,"Notre Dame Alumnus Vol. 36, No. 03 -- April 1958",http://www.archives.nd.edu/Alumnus/VOL_0036/VOL_0036_ISSUE_0003.pdf
VOL_0036_ISSUE_0004.pdf,"Notre Dame Alumnus Vol. 36, No. 04 -- May-June 1958",http://www.archives.nd.edu/Alumnus/VOL_0036/VOL_0036_ISSUE_0004.pdf
VOL_0036_ISSUE_0005.pdf,"Notre Dame Alumnus Vol. 36, No. 05 -- August-September 1958",http://www.archives.nd.edu/Alumnus/VOL_0036/VOL_0036_ISSUE_0005.pdf
VOL_0036_ISSUE_0006.pdf,"Notre Dame Alumnus Vol. 36, No. 06 -- November 1958",http://www.archives.nd.edu/Alumnus/VOL_0036/VOL_0036_ISSUE_0006.pdf
VOL_0037_ISSUE_0001.pdf,"Notre Dame Alumnus Vol. 37, No. 01 -- March 1959",http://www.archives.nd.edu/Alumnus/VOL_0037/VOL_0037_ISSUE_0001.pdf
VOL_0037_ISSUE_0002.pdf,"Notre Dame Alumnus Vol. 37, No. 02 -- June 1959",http://www.archives.nd.edu/Alumnus/VOL_0037/VOL_0037_ISSUE_0002.pdf
VOL_0037_ISSUE_0003.pdf,"Notre Dame Alumnus Vol. 37, No. 03 -- September 1959",http://www.archives.nd.edu/Alumnus/VOL_0037/VOL_0037_ISSUE_0003.pdf
VOL_0037_ISSUE_0004.pdf,"Notre Dame Alumnus Vol. 37, No. 04 -- October 1959",http://www.archives.nd.edu/Alumnus/VOL_0037/VOL_0037_ISSUE_0004.pdf
VOL_0037_ISSUE_0005.pdf,"Notre Dame Alumnus Vol. 37, No. 05 -- December 1959",http://www.archives.nd.edu/Alumnus/VOL_0037/VOL_0037_ISSUE_0005.pdf
VOL_0037_ISSUE_0006.pdf,"Notre Dame Alumnus Vol. 37, No. 06 -- December 1959",http://www.archives.nd.edu/Alumnus/VOL_0037/VOL_0037_ISSUE_0006.pdf
VOL_0038_ISSUE_0001.pdf,"Notre Dame Alumnus Vol. 38, No. 01 -- March 1960",http://www.archives.nd.edu/Alumnus/VOL_0038/VOL_0038_ISSUE_0001.pdf
VOL_0038_ISSUE_0002.pdf,"Notre Dame Alumnus Vol. 38, No. 02 -- May 1960",http://www.archives.nd.edu/Alumnus/VOL_0038/VOL_0038_ISSUE_0002.pdf
VOL_0038_ISSUE_0003.pdf,"Notre Dame Alumnus Vol. 38, No. 03 -- September 1960",http://www.archives.nd.edu/Alumnus/VOL_0038/VOL_0038_ISSUE_0003.pdf
VOL_0038_ISSUE_0004.pdf,"Notre Dame Alumnus Vol. 38, No. 04 -- November 1960",http://www.archives.nd.edu/Alumnus/VOL_0038/VOL_0038_ISSUE_0004.pdf
VOL_0038_ISSUE_0005.pdf,"Notre Dame Alumnus Vol. 38, No. 05 -- December 1960",http://www.archives.nd.edu/Alumnus/VOL_0038/VOL_0038_ISSUE_0005.pdf
VOL_0039_ISSUE_0001.pdf,"Notre Dame Alumnus Vol. 39, No. 01 -- February 1961",http://www.archives.nd.edu/Alumnus/VOL_0039/VOL_0039_ISSUE_0001.pdf
VOL_0039_ISSUE_0002.pdf,"Notre Dame Alumnus Vol. 39, No. 02 -- March-April 1961",http://www.archives.nd.edu/Alumnus/VOL_0039/VOL_0039_ISSUE_0002.pdf
VOL_0039_ISSUE_0003.pdf,"Notre Dame Alumnus Vol. 39, No. 03 -- June 1961",http://www.archives.nd.edu/Alumnus/VOL_0039/VOL_0039_ISSUE_0003.pdf
VOL_0039_ISSUE_0004.pdf,"Notre Dame Alumnus Vol. 39, No. 04 -- August-September 1961",http://www.archives.nd.edu/Alumnus/VOL_0039/VOL_0039_ISSUE_0004.pdf
VOL_0039_ISSUE_0005.pdf,"Notre Dame Alumnus Vol. 39, No. 05 -- November 1961",http://www.archives.nd.edu/Alumnus/VOL_0039/VOL_0039_ISSUE_0005.pdf
VOL_0039_ISSUE_0006.pdf,"Notre Dame Alumnus Vol. 39, No. 06 -- December 1961",http://www.archives.nd.edu/Alumnus/VOL_0039/VOL_0039_ISSUE_0006.pdf
VOL_0040_ISSUE_0001.pdf,"Notre Dame Alumnus Vol. 40, No. 01 -- February-March 1962",http://www.archives.nd.edu/Alumnus/VOL_0040/VOL_0040_ISSUE_0001.pdf
VOL_0040_ISSUE_0002.pdf,"Notre Dame Alumnus Vol. 40, No. 02 -- April-May 1962",http://www.archives.nd.edu/Alumnus/VOL_0040/VOL_0040_ISSUE_0002.pdf
VOL_0040_ISSUE_0003.pdf,"Notre Dame Alumnus Vol. 40, No. 03 -- August 1962",http://www.archives.nd.edu/Alumnus/VOL_0040/VOL_0040_ISSUE_0003.pdf
VOL_0040_ISSUE_0004.pdf,"Notre Dame Alumnus Vol. 40, No. 04 -- October 1962",http://www.archives.nd.edu/Alumnus/VOL_0040/VOL_0040_ISSUE_0004.pdf
VOL_0040_ISSUE_0005.pdf,"Notre Dame Alumnus Vol. 40, No. 05 -- November 1962",http://www.archives.nd.edu/Alumnus/VOL_0040/VOL_0040_ISSUE_0005.pdf
VOL_0040_ISSUE_0006.pdf,"Notre Dame Alumnus Vol. 40, No. 06 -- Year End 1962",http://www.archives.nd.edu/Alumnus/VOL_0040/VOL_0040_ISSUE_0006.pdf
VOL_0041_ISSUE_0001.pdf,"Notre Dame Alumnus Vol. 41, No. 01 -- February-March 1963",http://www.archives.nd.edu/Alumnus/VOL_0041/VOL_0041_ISSUE_0001.pdf
VOL_0041_ISSUE_0002.pdf,"Notre Dame Alumnus Vol. 41, No. 02 -- April-May 1963",http://www.archives.nd.edu/Alumnus/VOL_0041/VOL_0041_ISSUE_0002.pdf
VOL_0041_ISSUE_0003.pdf,"Notre Dame Alumnus Vol. 41, No. 03 -- June-July 1963",http://www.archives.nd.edu/Alumnus/VOL_0041/VOL_0041_ISSUE_0003.pdf
VOL_0041_ISSUE_0004.pdf,"Notre Dame Alumnus Vol. 41, No. 04 -- August-September 1963",http://www.archives.nd.edu/Alumnus/VOL_0041/VOL_0041_ISSUE_0004.pdf
VOL_0041_ISSUE_0005.pdf,"Notre Dame Alumnus Vol. 41, No. 05 -- December 1963",http://www.archives.nd.edu/Alumnus/VOL_0041/VOL_0041_ISSUE_0005.pdf
VOL_0041_ISSUE_0006.pdf,"Notre Dame Alumnus Vol. 41, No. 06 -- Year End 1963",http://www.archives.nd.edu/Alumnus/VOL_0041/VOL_0041_ISSUE_0006.pdf
VOL_0042_ISSUE_0001.pdf,"Notre Dame Alumnus Vol. 42, No. 01 -- February-March 1964",http://www.archives.nd.edu/Alumnus/VOL_0042/VOL_0042_ISSUE_0001.pdf
VOL_0042_ISSUE_0002.pdf,"Notre Dame Alumnus Vol. 42, No. 02 -- April-May 1964",http://www.archives.nd.edu/Alumnus/VOL_0042/VOL_0042_ISSUE_0002.pdf
VOL_0042_ISSUE_0003.pdf,"Notre Dame Alumnus Vol. 42, No. 03 -- June-July 1964",http://www.archives.nd.edu/Alumnus/VOL_0042/VOL_0042_ISSUE_0003.pdf
VOL_0042_ISSUE_0004.pdf,"Notre Dame Alumnus Vol. 42, No. 04 -- August-September 1964",http://www.archives.nd.edu/Alumnus/VOL_0042/VOL_0042_ISSUE_0004.pdf
VOL_0042_ISSUE_0005.pdf,"Notre Dame Alumnus Vol. 42, No. 05 -- November 1964",http://www.archives.nd.edu/Alumnus/VOL_0042/VOL_0042_ISSUE_0005.pdf
VOL_0042_ISSUE_0006.pdf,"Notre Dame Alumnus Vol. 42, No. 06 -- Year End 1964",http://www.archives.nd.edu/Alumnus/VOL_0042/VOL_0042_ISSUE_0006.pdf
VOL_0043_ISSUE_0001.pdf,"Notre Dame Alumnus Vol. 43, No. 01 -- February-March 1965",http://www.archives.nd.edu/Alumnus/VOL_0043/VOL_0043_ISSUE_0001.pdf
VOL_0043_ISSUE_0002.pdf,"Notre Dame Alumnus Vol. 43, No. 02 -- April 1965",http://www.archives.nd.edu/Alumnus/VOL_0043/VOL_0043_ISSUE_0002.pdf
VOL_0043_ISSUE_0003.pdf,"Notre Dame Alumnus Vol. 43, No. 03 -- July-August 1965",http://www.archives.nd.edu/Alumnus/VOL_0043/VOL_0043_ISSUE_0003.pdf
VOL_0043_ISSUE_0004.pdf,"Notre Dame Alumnus Vol. 43, No. 04 -- September-October 1965",http://www.archives.nd.edu/Alumnus/VOL_0043/VOL_0043_ISSUE_0004.pdf
VOL_0043_ISSUE_0005.pdf,"Notre Dame Alumnus Vol. 43, No. 05 -- November 1965",http://www.archives.nd.edu/Alumnus/VOL_0043/VOL_0043_ISSUE_0005.pdf
VOL_0043_ISSUE_0006.pdf,"Notre Dame Alumnus Vol. 43, No. 06 -- November-December 1965",http://www.archives.nd.edu/Alumnus/VOL_0043/VOL_0043_ISSUE_0006.pdf
VOL_0044_ISSUE_0001.pdf,"Notre Dame Alumnus Vol. 44, No. 01 -- January-February 1966",http://www.archives.nd.edu/Alumnus/VOL_0044/VOL_0044_ISSUE_0001.pdf
VOL_0044_ISSUE_0002.pdf,"Notre Dame Alumnus Vol. 44, No. 02 -- March-April 1966",http://www.archives.nd.edu/Alumnus/VOL_0044/VOL_0044_ISSUE_0002.pdf
VOL_0044_ISSUE_0003.pdf,"Notre Dame Alumnus Vol. 44, No. 03 -- May-June 1966",http://www.archives.nd.edu/Alumnus/VOL_0044/VOL_0044_ISSUE_0003.pdf
VOL_0044_ISSUE_0004.pdf,"Notre Dame Alumnus Vol. 44, No. 04 -- July-August 1966",http://www.archives.nd.edu/Alumnus/VOL_0044/VOL_0044_ISSUE_0004.pdf
VOL_0044_ISSUE_0005.pdf,"Notre Dame Alumnus Vol. 44, No. 05 -- September-October 1966",http://www.archives.nd.edu/Alumnus/VOL_0044/VOL_0044_ISSUE_0005.pdf
VOL_0044_ISSUE_0006.pdf,"Notre Dame Alumnus Vol. 44, No. 06 -- November-December 1966",http://www.archives.nd.edu/Alumnus/VOL_0044/VOL_0044_ISSUE_0006.pdf
VOL_0045_ISSUE_0001.pdf,"Notre Dame Alumnus Vol. 45, No. 01 -- January-February 1967",http://www.archives.nd.edu/Alumnus/VOL_0045/VOL_0045_ISSUE_0001.pdf
VOL_0045_ISSUE_0002.pdf,"Notre Dame Alumnus Vol. 45, No. 02 -- March-April 1967",http://www.archives.nd.edu/Alumnus/VOL_0045/VOL_0045_ISSUE_0002.pdf
VOL_0045_ISSUE_0003.pdf,"Notre Dame Alumnus Vol. 45, No. 03 -- May-June 1967",http://www.archives.nd.edu/Alumnus/VOL_0045/VOL_0045_ISSUE_0003.pdf
VOL_0045_ISSUE_0004.pdf,"Notre Dame Alumnus Vol. 45, No. 04 -- July-August 1967",http://www.archives.nd.edu/Alumnus/VOL_0045/VOL_0045_ISSUE_0004.pdf
VOL_0045_ISSUE_0005.pdf,"Notre Dame Alumnus Vol. 45, No. 05 -- September-October 1967",http://www.archives.nd.edu/Alumnus/VOL_0045/VOL_0045_ISSUE_0005.pdf
VOL_0045_ISSUE_0006.pdf,"Notre Dame Alumnus Vol. 45, No. 06 -- November-December 1967",http://www.archives.nd.edu/Alumnus/VOL_0045/VOL_0045_ISSUE_0006.pdf
VOL_0046_ISSUE_0001.pdf,"Notre Dame Alumnus Vol. 46, No. 01 -- January-February 1968",http://www.archives.nd.edu/Alumnus/VOL_0046/VOL_0046_ISSUE_0001.pdf
VOL_0046_ISSUE_0002.pdf,"Notre Dame Alumnus Vol. 46, No. 02 -- March-April 1968",http://www.archives.nd.edu/Alumnus/VOL_0046/VOL_0046_ISSUE_0002.pdf
VOL_0046_ISSUE_0003.pdf,"Notre Dame Alumnus Vol. 46, No. 03 -- May-June 1968",http://www.archives.nd.edu/Alumnus/VOL_0046/VOL_0046_ISSUE_0003.pdf
VOL_0046_ISSUE_0004.pdf,"Notre Dame Alumnus Vol. 46, No. 04 -- July-August 1968",http://www.archives.nd.edu/Alumnus/VOL_0046/VOL_0046_ISSUE_0004.pdf
VOL_0046_ISSUE_0005.pdf,"Notre Dame Alumnus Vol. 46, No. 05 -- September 1968",http://www.archives.nd.edu/Alumnus/VOL_0046/VOL_0046_ISSUE_0005.pdf
VOL_0046_ISSUE_0006.pdf,"Notre Dame Alumnus Vol. 46, No. 06 -- October-November 1968",http://www.archives.nd.edu/Alumnus/VOL_0046/VOL_0046_ISSUE_0006.pdf
VOL_0046_ISSUE_0007.pdf,"Notre Dame Alumnus Vol. 46, No. 07 -- December 1968 - January 1969",http://www.archives.nd.edu/Alumnus/VOL_0046/VOL_0046_ISSUE_0007.pdf
VOL_0047_ISSUE_0001.pdf,"Notre Dame Alumnus Vol. 47, No. 01 -- February 1969",http://www.archives.nd.edu/Alumnus/VOL_0047/VOL_0047_ISSUE_0001.pdf
VOL_0047_ISSUE_0002.pdf,"Notre Dame Alumnus Vol. 47, No. 02 -- March 1969",http://www.archives.nd.edu/Alumnus/VOL_0047/VOL_0047_ISSUE_0002.pdf
VOL_0047_ISSUE_0003.pdf,"Notre Dame Alumnus Vol. 47, No. 03 -- May 1969",http://www.archives.nd.edu/Alumnus/VOL_0047/VOL_0047_ISSUE_0003.pdf
VOL_0047_ISSUE_0004.pdf,"Notre Dame Alumnus Vol. 47, No. 04 -- June 1969",http://www.archives.nd.edu/Alumnus/VOL_0047/VOL_0047_ISSUE_0004.pdf
VOL_0047_ISSUE_0005.pdf,"Notre Dame Alumnus Vol. 47, No. 05 -- July-August 1969",http://www.archives.nd.edu/Alumnus/VOL_0047/VOL_0047_ISSUE_0005.pdf
VOL_0047_ISSUE_0006.pdf,"Notre Dame Alumnus Vol. 47, No. 06 -- September 1969",http://www.archives.nd.edu/Alumnus/VOL_0047/VOL_0047_ISSUE_0006.pdf
VOL_0047_ISSUE_0007.pdf,"Notre Dame Alumnus Vol. 47, No. 07 -- October-November 1969",http://www.archives.nd.edu/Alumnus/VOL_0047/VOL_0047_ISSUE_0007.pdf
VOL_0047_ISSUE_0008.pdf,"Notre Dame Alumnus Vol. 47, No. 08 -- December 1969",http://www.archives.nd.edu/Alumnus/VOL_0047/VOL_0047_ISSUE_0008.pdf
VOL_0048_ISSUE_0001.pdf,"Notre Dame Alumnus Vol. 48, No. 01 -- January-February 1970",http://www.archives.nd.edu/Alumnus/VOL_0048/VOL_0048_ISSUE_0001.pdf
VOL_0048_ISSUE_0002.pdf,"Notre Dame Alumnus Vol. 48, No. 02 -- March-April 1970",http://www.archives.nd.edu/Alumnus/VOL_0048/VOL_0048_ISSUE_0002.pdf
VOL_0048_ISSUE_0003.pdf,"Notre Dame Alumnus Vol. 48, No. 03 -- May-June 1970",http://www.archives.nd.edu/Alumnus/VOL_0048/VOL_0048_ISSUE_0003.pdf
VOL_0048_ISSUE_0004.pdf,"Notre Dame Alumnus Vol. 48, No. 04 -- July-August 1970",http://www.archives.nd.edu/Alumnus/VOL_0048/VOL_0048_ISSUE_0004.pdf
VOL_0048_ISSUE_0005.pdf,"Notre Dame Alumnus Vol. 48, No. 05 -- September 1970",http://www.archives.nd.edu/Alumnus/VOL_0048/VOL_0048_ISSUE_0005.pdf
VOL_0048_ISSUE_0006.pdf,"Notre Dame Alumnus Vol. 48, No. 06 -- October-November 1970",http://www.archives.nd.edu/Alumnus/VOL_0048/VOL_0048_ISSUE_0006.pdf
VOL_0048_ISSUE_0007.pdf,"Notre Dame Alumnus Vol. 48, No. 07 -- December 1970",http://www.archives.nd.edu/Alumnus/VOL_0048/VOL_0048_ISSUE_0007.pdf
VOL_0049_ISSUE_0001.pdf,"Notre Dame Alumnus Vol. 49, No. 01 -- January-February 1971",http://www.archives.nd.edu/Alumnus/VOL_0049/VOL_0049_ISSUE_0001.pdf
VOL_0049_ISSUE_0002.pdf,"Notre Dame Alumnus Vol. 49, No. 02 -- April-May 1971",http://www.archives.nd.edu/Alumnus/VOL_0049/VOL_0049_ISSUE_0002.pdf
VOL_0049_ISSUE_0003.pdf,"Notre Dame Alumnus Vol. 49, No. 03 -- June 1971",http://www.archives.nd.edu/Alumnus/VOL_0049/VOL_0049_ISSUE_0003.pdf
VOL_0049_ISSUE_0004.pdf,"Notre Dame Alumnus Vol. 49, No. 04 -- August 1971",http://www.archives.nd.edu/Alumnus/VOL_0049/VOL_0049_ISSUE_0004.pdf
VOL_0049_ISSUE_0005.pdf,"Notre Dame Alumnus Vol. 49, No. 05 -- October 1971",http://www.archives.nd.edu/Alumnus/VOL_0049/VOL_0049_ISSUE_0005.pdf
VOL_0049_ISSUE_0006.pdf,"Notre Dame Alumnus Vol. 49, No. 06 -- December 1971",http://www.archives.nd.edu/Alumnus/VOL_0049/VOL_0049_ISSUE_0006.pdf
